Hong Kong   |   China
Singapore   |   Singapore
Bangkok |   Thailand
London  |   United Kingdom
Paris   |   France
Macau   |   Macau
New York City   |   USA
Shenzhen    |   China
Kuala Lumpur    |   Malaysia
Antalya |   Turkey
Istanbul    |   Turkey
Dubai   |   United Arab Emirates
Seoul   |   South Korea
Rome    |   Italy
Phuket  |   Thailand
Guangzhou   |   China
Mecca   |   Saudi Arabia
Pattaya |   Thailand
Taipei  |   Taiwan
Miami   |   USA
Prague  |   Czech Republic
Shanghai    |   China
Las Vegas   |   USA
Milan   |   Italy
Barcelona   |   Spain
Moscow  |   Russia
Amsterdam   |   Netherlands
Vienna  |   Austria
Venice  |   Italy
Los Angeles |   USA
Lima    |   Peru
Tokyo   |   Japan
Johannesburg    |   South Africa
Beijing |   China
Sofia   |   Bulgaria
Orlando |   USA
Berlin  |   Germany
Budapest    |   Hungary
Ho Chi Minh City    |   Vietnam
Florence    |   Italy
Madrid  |   Spain
Warsaw  |   Poland
Doha    |   Qatar
Nairobi |   Kenya
Delhi   |   India
Mumbai  |   India
Chennai |   India
Mexico City |   Mexico
Dublin  |   Ireland
San Francisco   |   USA
Hangzhou    |   China
Denpasar    |   Indonesia
St. Petersburg  |   Russia
Mugla   |   Turkey
Brussels    |   Belgium
Burgas  |   Bulgaria
Munich  |   Germany
Zhuhai  |   China
Sydney  |   Australia
Edirne  |   Turkey
Toronto |   Canada
Lisbon  |   Portugal
Cancun  |   Mexico
Buenos Aires    |   Argentina
Cairo   |   Egypt
Punta Cana  |   Dominican Republic
Suzhou  |   China
Djerba  |   Tunisia
Agra    |   India
Krakow  |   Poland
Bucharest   |   Romania
Siem Reap   |   Cambodia
Jaipur  |   India
Honolulu    |   USA
Manama  |   Bahrain
East Province   |   Saudi Arabia
Hanoi   |   Vietnam
Andorra la Vella    |   Andorra
Nice    |   France
Zurich  |   Switzerland
Jakarta |   Indonesia
Manila  |   Philippines
Chiang Mai  |   Thailand
Marrakech   |   Morocco
Sharm el Sheikh |   Egypt
Marne-La-Vallee |   France
Frankfurt   |   Germany
Abu Dhabi   |   United Arab Emirates
Vancouver   |   Canada
Guilin  |   China
Melbourne   |   Australia
Rio de Janeiro  |   Brazil
Riyadh  |   Saudi Arabia
Amman   |   Jordan
Sousse  |   Tunisia
Kiev    |   Ukraine
Sharjah |   United Arab Emirates
Jeju    |   South Korea
Krabi   |   Thailand
Artvin  |   Turkey